BEGIN TRANSACTION;
CREATE TABLE client (person_id INTEGER PRIMARY KEY AUTOINCREMENT, fullname CHAR, address TEXT, zipcode TEXT, city TEXT, email TEXT, phone_number TEXT);
INSERT INTO "client" VALUES(1,'Lili Anderson','','','','habar@hotmail.com','');
INSERT INTO "client" VALUES(2,'Anne Banwarth','4444KJ','3111KA','Schiedam','no@ho.com','0677283982');
INSERT INTO "client" VALUES(5,'Osman','jagoed1','9878UY','Den haag','osman@gmail.com','+31-6-22222333');
INSERT INTO "client" VALUES(7,'Mark Suikerberg','hallo 13','3111OP','Amsterdam','sdfsd@mgasdgfsd.nl','+31-6-44444444');
INSERT INTO "client" VALUES(8,'Hannie amar','straaat 33','8888BD','Nijmegen','jan@hotmail.nl','+31-6-34444444');
INSERT INTO "client" VALUES(9,'mfsx%fsijwx','fuujq%8','8666OX','Xhmnjifr','yjxyElrfnq3htr','0862;28888====');
INSERT INTO "client" VALUES(10,'','','8666PX','Fwsmjr','mfmomxElrfnq3htr','');
INSERT INTO "client" VALUES(12,'rfii~%qnsljw','gflnosmtk%69','86<:OX','Ijqky','rfii~\Elrfnq3htr','0862;2<8<8<8<8');
INSERT INTO "client" VALUES(13,'Niwn%Xfpn','trfxywffy%7','8<8<MO','Gwjif','mj~ttElrfnq3htr','0862;2<8<8<8;:');
INSERT INTO "client" VALUES(14,'gfwgfwf%xyjjljs','mfqqt%9','8=8=MO','Ijqky','mtnElrfnq3htr','0862;2=8=8=8=8');
INSERT INTO "client" VALUES(15,'xfhmnq%pzrfw','gflnosmtttl%99','99=9MO','Jnsimt{js','xfhmnqnxhttqElrfnq3htr','0862;2=8=8=8=8');
CREATE TABLE logging (username TEXT, date TEXT, description TEXT, additional_information TEXT, suspicious TEXT, read TEXT);
INSERT INTO "logging" VALUES('yjxy','6547>475761%6<?6>?96','Qtllji%ns','','St','^jx');
INSERT INTO "logging" VALUES('yjxy','6547>475761%6<?6>?96','sj|%Firns%hwjfyji','zxjwsfrj%nx%ofxujw','St','^jx');
INSERT INTO "logging" VALUES('xfhmnq','6547>475761%6<?6>?96','Zsxzhhjxxkzq%qtlns','ufxx|twi?%sju||%nx%ywnji%|nym%|nym%zxjwsfrj?%xfhmnq','^jx','^jx');
INSERT INTO "logging" VALUES('xfhmnq','6547>475761%6<?6>?96','Qtllji%ns','','St','^jx');
INSERT INTO "logging" VALUES('yjxy','6547>475761%6<?78?6:','Zsxzhhjxxkzq%qtlns','ufxx|twi?%yjyjyxy%nx%ywnji%|nym%|nym%zxjwsfrj?%yjxy','^jx','^jx');
INSERT INTO "logging" VALUES('yjxy','6547>475761%6<?78?6:','Qtllji%ns','','St','^jx');
INSERT INTO "logging" VALUES('yjxy','6547>475761%6<?8:?:=','Zsxzhhjxxkzq%qtlns','ufxx|twi?%ixkxikxkxi%nx%ywnji%|nym%|nym%zxjwsfrj?%yjxy','^jx','^jx');
INSERT INTO "logging" VALUES('yjxy','6547>475761%6<?8:?:=','Qtllji%ns','','St','^jx');
INSERT INTO "logging" VALUES('yjxy','6547>475761%6<?8:?:=','Qtllji%ns','','St','^jx');
INSERT INTO "logging" VALUES('yjxy','6547>475761%6<?8<?79','Zsxzhhjxxkzq%qtlns','ufxx|twi?%ixkxikxi%nx%ywnji%|nym%|nym%zxjwsfrj?%yjxy','^jx','^jx');
INSERT INTO "logging" VALUES('yjxy','6547>475761%6<?95?5;','Zsxzhhjxxkzq%qtlns','ufxx|twi?%yjxyfxk%nx%ywnji%|nym%|nym%zxjwsfrj?%yjxy','^jx','^jx');
INSERT INTO "logging" VALUES('yjxy','6547>475761%6<?95?5;','Qtllji%ns','','St','^jx');
INSERT INTO "logging" VALUES('xfhmnq','6547>475761%6<?:5?5<','Zsxzhhjxxkzq%qtlns','ufxx|twi?%ixkxfikxfik%nx%ywnji%|nym%|nym%zxjwsfrj?%xfhmnq','^jx','^jx');
INSERT INTO "logging" VALUES('xfhmnq','6547>475761%6<?:5?5<','Qtllji%ns','','St','^jx');
INSERT INTO "logging" VALUES('xikixk','6547>475761%6<?:9?97','Zsxzhhjxxkzq%qtlns','ufxx|twi?%xikxik%nx%ywnji%|nym%|nym%zxjwsfrj?%xikixk','^jx','^jx');
INSERT INTO "logging" VALUES('yjxy','6547>475761%6<?:9?97','Qtllji%ns','','St','^jx');
INSERT INTO "logging" VALUES('yjxy','6547>475761%6<?:9?97','Qtllji%ns','','St','^jx');
INSERT INTO "logging" VALUES('yjxy','6547>475761%6<?:9?97','Qtllji%ns','','St','^jx');
INSERT INTO "logging" VALUES('6','6547>475761%6<?:9?97','Zsxzhhjxxkzq%qtlns','ufxx|twi?%6%nx%ywnji%|nym%|nym%zxjwsfrj?%6','^jx','^jx');
INSERT INTO "logging" VALUES('sj|fi{nxtw','6547>475761%6<?:9?97','Qtllji%ns','','St','^jx');
INSERT INTO "logging" VALUES('6','6547>475761%6<?:9?97','Zsxzhhjxxkzq%qtlns','ufxx|twi?%6%nx%ywnji%|nym%|nym%zxjwsfrj?%6','^jx','^jx');
INSERT INTO "logging" VALUES('sj|fi{nxtw','6547>475761%6<?:9?97','Qtllji%ns','','St','^jx');
INSERT INTO "logging" VALUES('yjxy','6547>475761%6<?:=?:7','Qtllji%ns','','St','^jx');
INSERT INTO "logging" VALUES('sj|fi{nxtw','6547>475761%6<?:=?:7','Qtllji%ns','','St','St');
INSERT INTO "logging" VALUES('yjxy','6547>475761%6=?65?95','Zsxzhhjxxkzq%qtlns','ufxx|twi?%xkixk%nx%ywnji%|nym%|nym%zxjwsfrj?%yjxy','^jx','St');
INSERT INTO "logging" VALUES('sj|fi{nxtw','6547>475761%6=?65?95','Qtllji%ns','','St','St');
INSERT INTO "logging" VALUES('sj|fi{nxtw','6547>475761%6=?65?95','Qtllji%ns','','St','St');
INSERT INTO "logging" VALUES('sj|fi{nxtw','6547>475761%6=?68?:6','Qtllji%ns','','St','St');
INSERT INTO "logging" VALUES('sj|fi{nxtw','6547>475761%6=?69?6=','Qtllji%ns','','St','St');
INSERT INTO "logging" VALUES('6','6547>475761%6=?69?6=','Zsxzhhjxxkzq%qtlns','ufxx|twi?%6%nx%ywnji%|nym%|nym%zxjwsfrj?%6','^jx','St');
INSERT INTO "logging" VALUES('sj|fi{nxtw','6547>475761%6=?69?6=','Qtllji%ns','','St','St');
INSERT INTO "logging" VALUES('sj|fi{nxtw','6547>475761%6=?6>?66','Qtllji%ns','','St','St');
INSERT INTO "logging" VALUES('yjxy','6547>475761%6=?6>?66','Zsxzhhjxxkzq%qtlns','ufxx|twi?%xikxik%nx%ywnji%|nym%|nym%zxjwsfrj?%yjxy','^jx','St');
INSERT INTO "logging" VALUES('yjxy','6547>475761%6=?6>?66','Qtllji%ns','','St','St');
DELETE FROM "sqlite_sequence";
INSERT INTO "sqlite_sequence" VALUES('client',15);
CREATE TABLE users (username TEXT, password TEXT, firstname TEXT, lastname TEXT, admin INT, system_admin INT, advisor INT, joinDate TIMESTAMP);
INSERT INTO "users" VALUES('xzujwfirns','Firns&78','firns','',1,0,0,'2021-10-25 18:09:12.091144');
INSERT INTO "users" VALUES('yjxy','yjxy','','',1,0,0,'2021-10-25 18:09:12.091144');
INSERT INTO "users" VALUES('fi{nxtw','\jqptrE56','fi{nxtw','nx',1,0,0,'2021-10-29 14:36:31.369793');
INSERT INTO "users" VALUES('xfhmnq','UExx|5wi655','','PZRFFFFFFW',1,0,0,'2021-10-29 15:13:03.369007');
INSERT INTO "users" VALUES('sj|fi{nxtw','\jqptrE56','FI[NXTWW','MFMFFFMMFMF',0,0,1,'2021-10-29 15:17:37.502727');
INSERT INTO "users" VALUES('xfhmnqfi{nxtw','\jqptrE56','fi{nxtw','fi{nxtw',0,0,1,'2021-10-29 16:14:33.655264');
INSERT INTO "users" VALUES('ofxujw','\jqptrE56','ofxujw','ofxujw',1,0,0,'2021-10-29 17:20:16.251800');
COMMIT;
