BEGIN TRANSACTION;
CREATE TABLE client (person_id INTEGER PRIMARY KEY AUTOINCREMENT, fullname CHAR, address TEXT, zipcode TEXT, city TEXT, email TEXT, phone_number TEXT);
INSERT INTO "client" VALUES(1,'Lili Anderson','','','','habar@hotmail.com','');
INSERT INTO "client" VALUES(2,'Anne Banwarth','4444KJ','3111KA','Schiedam','no@ho.com','0677283982');
INSERT INTO "client" VALUES(5,'Osman','jagoed1','9878UY','Den haag','osman@gmail.com','+31-6-22222333');
INSERT INTO "client" VALUES(7,'Mark Suikerberg','hallo 13','3111OP','Amsterdam','sdfsd@mgasdgfsd.nl','+31-6-44444444');
INSERT INTO "client" VALUES(8,'Hannie amar','straaat 33','8888BD','Nijmegen','jan@hotmail.nl','+31-6-34444444');
INSERT INTO "client" VALUES(9,'mfsx%fsijwx','fuujq%8','8666OX','Xhmnjifr','yjxyElrfnq3htr','0862;28888====');
INSERT INTO "client" VALUES(10,'','','8666PX','Fwsmjr','mfmomxElrfnq3htr','');
INSERT INTO "client" VALUES(12,'rfii~%qnsljw','gflnosmtk%69','86<:OX','Ijqky','rfii~\Elrfnq3htr','0862;2<8<8<8<8');
INSERT INTO "client" VALUES(13,'Niwn%Xfpn','trfxywffy%7','8<8<MO','Gwjif','mj~ttElrfnq3htr','0862;2<8<8<8;:');
INSERT INTO "client" VALUES(14,'gfwgfwf%xyjjljs','mfqqt%9','8=8=MO','Ijqky','mtnElrfnq3htr','0862;2=8=8=8=8');
INSERT INTO "client" VALUES(15,'xfhmnq%pzrfw','gflnosmtttl%99','99=9MO','Jnsimt{js','xfhmnqnxhttqElrfnq3htr','0862;2=8=8=8=8');
CREATE TABLE logging (username TEXT, date TEXT, description TEXT, additional_information TEXT, suspicious TEXT, read TEXT);
INSERT INTO "logging" VALUES('xfhmnq','6547=475761%75?::?5:','Qtllji%ns','','St','^jx');
INSERT INTO "logging" VALUES('xfhmnq','6547=475761%75?:;?98','Qtllji%ns','','St','^jx');
INSERT INTO "logging" VALUES('xfhmnq','6547=475761%75?:<?6;','Qtllji%ns','','St','^jx');
INSERT INTO "logging" VALUES('xfhmnq','6547=475761%76?5;?:6','Qtllji%ns','','St','^jx');
INSERT INTO "logging" VALUES('xfhmnq','6547=475761%76?6:?:>','Zsxzhhjxxkzq%qtlns','ufxx|twi?%mfmmfmf%nx%ywnji%|nym%|nym%zxjwsfrj?%xfhmnq','^jx','^jx');
INSERT INTO "logging" VALUES('xfhmnq','6547=475761%76?6:?:>','Qtllji%ns','','St','^jx');
INSERT INTO "logging" VALUES('xzujwfirns','6547=475761%76?75?7;','Zsxzhhjxxkzq%qtlns','ufxx|twi?%Firns&78%nx%ywnji%|nym%|nym%zxjwsfrj?%xzujwfirns','^jx','^jx');
INSERT INTO "logging" VALUES('6','6547=475761%76?75?7;','Zsxzhhjxxkzq%qtlns','ufxx|twi?%xfhmnq%nx%ywnji%|nym%|nym%zxjwsfrj?%6','^jx','^jx');
INSERT INTO "logging" VALUES('xfhmnq','6547=475761%76?75?7;','Qtllji%ns','','St','^jx');
INSERT INTO "logging" VALUES('yjxy','6547=475761%76?7<?69','Qtllji%ns','','St','^jx');
INSERT INTO "logging" VALUES('yjxy','6547=475761%76?7<?9;','Zsxzhhjxxkzq%qtlns','ufxx|twi?%snjy%qjjs%ofxujw%nx%ywnji%|nym%|nym%zxjwsfrj?%yjxy','^jx','^jx');
INSERT INTO "logging" VALUES('yjxy','6547=475761%76?7<?9;','Qtllji%ns','','St','^jx');
INSERT INTO "logging" VALUES('yjxy','6547=475761%76?7<?9;','Zsxzhhjxxkzq%qtlns','ufxx|twi?%%|fy%fqx%np%jjs%mjqj%qfslj%nsy~uj%|fy%nx%jw%ifs%nx%ywnji%|nym%|nym%zxjwsfrj?%yjxy','^jx','^jx');
INSERT INTO "logging" VALUES('yjxy','6547=475761%76?7<?9;','Qtllji%ns','','St','^jx');
INSERT INTO "logging" VALUES('yjxy','6547=475761%76?85?58','Qtllji%ns','','St','^jx');
INSERT INTO "logging" VALUES('yjxy','6547>475761%68?::?56','Qtllji%ns','','St','^jx');
INSERT INTO "logging" VALUES('yjxy','6547>475761%68?:;?7<','Qtllji%ns','','St','^jx');
INSERT INTO "logging" VALUES('yjxy','6547>475761%69?65?67','Qtllji%ns','','St','^jx');
INSERT INTO "logging" VALUES('yjxy','6547>475761%69?65?67','Sj|%zxjw%hwjfyji','Hqnjsy%gfwgfwf%xyjjljsmfx%gjjs%hwjfyji%g~yjxy','St','^jx');
INSERT INTO "logging" VALUES('yjxy','6547>475761%69?66?8<','Qtllji%ns','','St','^jx');
INSERT INTO "logging" VALUES('yjxy','6547>475761%69?66?8<','Sj|%hqnjsy%hwjfyji','Hqnjsy%xfhmnq%pzrfwmfx%gjjs%hwjfyji%g~%yjxy','St','^jx');
INSERT INTO "logging" VALUES('yjxy','6547>475761%69?88?:5','Qtllji%ns','','St','^jx');
INSERT INTO "logging" VALUES('yjxy','6547>475761%69?88?:5','sj|%Firns','zxjwsfrj%nx%gfgfp','St','^jx');
INSERT INTO "logging" VALUES('yjxy','6547>475761%69?8:?:;','Qtllji%ns','','St','^jx');
INSERT INTO "logging" VALUES('yjxy','6547>475761%69?8:?:;','Fi{nxtw%hwjfyji','zxjwsfrj%nx%fi{nxtw','St','^jx');
INSERT INTO "logging" VALUES('yjxy','6547>475761%69?95?:6','Qtllji%ns','','St','^jx');
INSERT INTO "logging" VALUES('yjxy','6547>475761%69?95?:6','Zxjw%zuifyji%yt%firns','zxjw%fi{nxtw%zuifyji%yt%firns','St','^jx');
INSERT INTO "logging" VALUES('yjxy','6547>475761%69?9:?7=','Qtllji%ns','','St','^jx');
INSERT INTO "logging" VALUES('yjxy','6547>475761%69?9:?7=','Firns%ijqjyji','zxjwsfrj?%gfgfp','St','^jx');
INSERT INTO "logging" VALUES('yjxy','6547>475761%69?9=?:6','Qtllji%ns','','St','^jx');
INSERT INTO "logging" VALUES('yjxy','6547>475761%69?9=?:6','X~xyjr%firns%hwjfyji','zxjwsfrj%nx%gfgfp','St','^jx');
INSERT INTO "logging" VALUES('yjxy','6547>475761%69?:7?7=','Qtllji%ns','','St','^jx');
INSERT INTO "logging" VALUES('yjxy','6547>475761%69?:7?7=','X~xyjr%firns%ijqjyji','zxjwsfrj?%gfgfp','St','^jx');
INSERT INTO "logging" VALUES('yjxy','6547>475761%69?:7?7=','Fi{nxtw%hwjfyji','zxjwsfrj%nx%sj|fi{nxtw','St','^jx');
INSERT INTO "logging" VALUES('yjxy','6547>475761%69?:7?7=','Fi{nxtw%%ijqjyji','zxjwsfrj?%sj|fi{nxtw','St','^jx');
INSERT INTO "logging" VALUES('yjxy','6547>475761%6:?56?:7','Qtllji%ns','','St','^jx');
INSERT INTO "logging" VALUES('yjxy','6547>475761%6:?56?:7','Fiiwjxx%ijqjyji','Hqnjsy%sfrj?%xfhmnq%pzrfw','St','^jx');
INSERT INTO "logging" VALUES('yjxy','6547>475761%6:?56?:7','_nuhtij%ijqjyji','Hqnjsy%sfrj?%xfhmnq%pzrfw','St','^jx');
INSERT INTO "logging" VALUES('yjxy','6547>475761%6:?56?:7','Hny~%ijqjyji','Hqnjsy%sfrj?%xfhmnq%pzrfw','St','^jx');
INSERT INTO "logging" VALUES('yjxy','6547>475761%6:?56?:7','Jrfnq%ijqjyji','Hqnjsy%sfrj?%xfhmnq%pzrfw','St','^jx');
INSERT INTO "logging" VALUES('yjxy','6547>475761%6:?56?:7','Umtsj%szrgjw%ijqjyji','Hqnjsy%sfrj?%xfhmnq%pzrfw','St','^jx');
INSERT INTO "logging" VALUES('xfhmnq','6547>475761%6:?67?5<','Zsxzhhjxxkzq%qtlns','ufxx|twi?%UExx|5wi655%nx%ywnji%|nym%|nym%zxjwsfrj?%xfhmnq','^jx','^jx');
INSERT INTO "logging" VALUES('xfhmnq','6547>475761%6:?67?5<','Zsxzhhjxxkzq%qtlns','ufxx|twi?%\jqptrE56%nx%ywnji%|nym%|nym%zxjwsfrj?%xfhmnq','^jx','^jx');
INSERT INTO "logging" VALUES('yjxy','6547>475761%6:?67?5<','Qtllji%ns','','St','^jx');
INSERT INTO "logging" VALUES('yjxy','6547>475761%6:?67?5<','sj|%Firns%hwjfyji','zxjwsfrj%nx%xfhmnq','St','^jx');
INSERT INTO "logging" VALUES('yjxy','6547>475761%6:?67?5<','Qtllji%ns','','St','^jx');
INSERT INTO "logging" VALUES('xfhmnq','6547>475761%6:?67?5<','Qtllji%ns','','St','^jx');
INSERT INTO "logging" VALUES('xfhmnq','6547>475761%6:?67?5<','Hmfslji%t|s%ufxx|twi','','St','^jx');
INSERT INTO "logging" VALUES('xfhmnq','6547>475761%6:?67?5<','Qtllji%ns','','St','^jx');
INSERT INTO "logging" VALUES('yjxy','6547>475761%6:?6;?75','Qtllji%ns','','St','^jx');
INSERT INTO "logging" VALUES('yjxy','6547>475761%6:?6;?:<','Qtllji%ns','','St','^jx');
INSERT INTO "logging" VALUES('yjxy','6547>475761%6:?6;?:<','Fi{nxtw%hwjfyji','zxjwsfrj%nx%sj|fi{nxtw','St','^jx');
INSERT INTO "logging" VALUES('yjxy','6547>475761%6:?6;?:<','Fi{nxtw%hwjfyji','zxjwsfrj%nx%sj|fi{nxtw','St','^jx');
INSERT INTO "logging" VALUES('yjxy','6547>475761%6:?6;?:<','Fi{nxtw%ufxx|twi%wjxjy','zxjwsfrj?%sj|fi{nxtw','St','^jx');
INSERT INTO "logging" VALUES('xfhmnq','6547>475761%6:?6>?9;','Qtllji%ns','','St','^jx');
INSERT INTO "logging" VALUES('xfhmnq','6547>475761%6:?6>?9;','Firns%ufxx|twi%wjxjy','zxjwsfrj?%xfhmnq','St','^jx');
INSERT INTO "logging" VALUES('xfhmnq','6547>475761%6:?6>?9;','Qtllji%ns','','St','^jx');
INSERT INTO "logging" VALUES('yjxy','6547>475761%6:?7>?8<','Qtllji%ns','','St','^jx');
INSERT INTO "logging" VALUES('yjxy','6547>475761%6:?7>?8<','fiiwjxx%zuifyji','Hqnjsy%sfrj?%xfhmnq%pzrfw','St','^jx');
INSERT INTO "logging" VALUES('yjxy','6547>475761%6:?7>?8<','_nuhtij%zuifyji','Hqnjsy%sfrj?%xfhmnq%pzrfw','St','^jx');
INSERT INTO "logging" VALUES('yjxy','6547>475761%6:?7>?8<','Hny~%zuifyji','Hqnjsy%sfrj?%xfhmnq%pzrfw','St','^jx');
INSERT INTO "logging" VALUES('yjxy','6547>475761%6:?7>?8<','Jrfnq%zuifyji','Hqnjsy%sfrj?%xfhmnq%pzrfw','St','^jx');
INSERT INTO "logging" VALUES('yjxy','6547>475761%6:?7>?8<','Umtsj%szrgjw%zuifyji','Hqnjsy%sfrj?%xfhmnq%pzrfw','St','^jx');
INSERT INTO "logging" VALUES('yjxy','6547>475761%6:?8>?5:','Qtllji%ns','','St','^jx');
INSERT INTO "logging" VALUES('yjxy','6547>475761%6:?8>?:;','Qtllji%ns','','St','^jx');
INSERT INTO "logging" VALUES('yjxy','6547>475761%6:?8>?:;','Zxjwsfrj%zuifyji','zxjwsfrj?%xokns}y|%zuifyji%ytkfpjfi{nxtw','St','^jx');
INSERT INTO "logging" VALUES('yjxy','6547>475761%6:?95?:8','Qtllji%ns','','St','^jx');
INSERT INTO "logging" VALUES('yjxy','6547>475761%6:?95?:8','Zxjwsfrj%zuifyji','zxjwsfrj?%kfpjfi{nxtw%zuifyji%yt%sj|fi{nxtw','St','^jx');
INSERT INTO "logging" VALUES('yjxy','6547>475761%6:?9:?98','Qtllji%ns','','St','^jx');
INSERT INTO "logging" VALUES('yjxy','6547>475761%6:?9:?98','Knwxysfrj%zuifyji','zxjwsfrj?%sj|fi{nxtw','St','^jx');
INSERT INTO "logging" VALUES('yjxy','6547>475761%6:?9:?98','Qfxysfrj%zuifyji','zxjwsfrj?%sj|fi{nxtw','St','^jx');
INSERT INTO "logging" VALUES('yjxy','6547>475761%6:?9=?87','Qtllji%ns','','St','^jx');
INSERT INTO "logging" VALUES('yjxy','6547>475761%6:?9=?87','Qfxysfrj%zuifyji','zxjwsfrj?%xfhmnq','St','^jx');
INSERT INTO "logging" VALUES('yjxy','6547>475761%6:?:6?85','Qtllji%ns','','St','^jx');
INSERT INTO "logging" VALUES('yjxy','6547>475761%6:?:6?85','Hqnjsy%nskt%fhhjxxji','Nskt%tk%xfhmnq%pzrfwmfx%gjjs%fhhjxxji','St','^jx');
INSERT INTO "logging" VALUES('yjxy','6547>475761%6;?56?8:','Qtllji%ns','','St','^jx');
INSERT INTO "logging" VALUES('xfhmnq','6547>475761%6;?56?8:','Qtllji%ns','','St','^jx');
INSERT INTO "logging" VALUES('xfhmnq','6547>475761%6;?5;?7<','Qtllji%ns','','St','^jx');
INSERT INTO "logging" VALUES('xfhmnq','6547>475761%6;?5;?:<','Qtllji%ns','','St','^jx');
INSERT INTO "logging" VALUES('yjxy','6547>475761%6;?5<?:9','Qtllji%ns','','St','^jx');
INSERT INTO "logging" VALUES('xfhmnq','6547>475761%6;?65?:5','Qtllji%ns','','St','^jx');
INSERT INTO "logging" VALUES('xfhmnq','6547>475761%6;?68?95','Qtllji%ns','','St','^jx');
INSERT INTO "logging" VALUES('xfhmnq','6547>475761%6;?68?95','Fi{nxtw%hwjfyji','zxjwsfrj%nx%xfhmnqfi{nxtw','St','^jx');
INSERT INTO "logging" VALUES('yjxy','6547>475761%6;?6;?59','Qtllji%ns','','St','^jx');
INSERT INTO "logging" VALUES('yjxy','6547>475761%6;?6<?6<','Qtllji%ns','','St','^jx');
INSERT INTO "logging" VALUES('yjxy','6547>475761%6;?6<?6<','Ifyfgfxj%gfhpzu%hwjfyji','IGdgfhpzu3xvq%hwjfyji','St','^jx');
INSERT INTO "logging" VALUES('yjxy','6547>475761%6;?75?:6','Qtllji%ns','','St','St');
DELETE FROM "sqlite_sequence";
INSERT INTO "sqlite_sequence" VALUES('client',15);
CREATE TABLE users (username TEXT, password TEXT, firstname TEXT, lastname TEXT, admin INT, system_admin INT, advisor INT, joinDate TIMESTAMP);
INSERT INTO "users" VALUES('xzujwfirns','Firns&78','firns','',1,0,0,'2021-10-25 18:09:12.091144');
INSERT INTO "users" VALUES('yjxy','yjxy','','',1,0,0,'2021-10-25 18:09:12.091144');
INSERT INTO "users" VALUES('fi{nxtw','\jqptrE56','fi{nxtw','nx',1,0,0,'2021-10-29 14:36:31.369793');
INSERT INTO "users" VALUES('xfhmnq','UExx|5wi655','','PZRFFFFFFW',1,0,0,'2021-10-29 15:13:03.369007');
INSERT INTO "users" VALUES('sj|fi{nxtw','\jqptrE56','FI[NXTWW','MFMFFFMMFMF',0,0,1,'2021-10-29 15:17:37.502727');
INSERT INTO "users" VALUES('xfhmnqfi{nxtw','\jqptrE56','fi{nxtw','fi{nxtw',0,0,1,'2021-10-29 16:14:33.655264');
COMMIT;
