BEGIN TRANSACTION;
CREATE TABLE client (person_id INTEGER PRIMARY KEY AUTOINCREMENT, fullname CHAR, address TEXT, zipcode TEXT, city TEXT, email TEXT, phone_number TEXT);
INSERT INTO "client" VALUES(1,'Lili Anderson','','','','habar@hotmail.com','');
INSERT INTO "client" VALUES(2,'Anne Banwarth','4444KJ','3111KA','Schiedam','no@ho.com','0677283982');
INSERT INTO "client" VALUES(5,'Osman','jagoed1','9878UY','Den haag','osman@gmail.com','+31-6-22222333');
INSERT INTO "client" VALUES(7,'Mark Suikerberg','hallo 13','3111OP','Amsterdam','sdfsd@mgasdgfsd.nl','+31-6-44444444');
INSERT INTO "client" VALUES(8,'Hannie amar','straaat 33','8888BD','Nijmegen','jan@hotmail.nl','+31-6-34444444');
INSERT INTO "client" VALUES(9,'mfsx%fsijwx','fuujq%8','8666OX','Xhmnjifr','yjxyElrfnq3htr','0862;28888====');
INSERT INTO "client" VALUES(10,'','','8666PX','Fwsmjr','mfmomxElrfnq3htr','');
INSERT INTO "client" VALUES(12,'rfii~%qnsljw','gflnosmtk%69','86<:OX','Ijqky','rfii~\Elrfnq3htr','0862;2<8<8<8<8');
INSERT INTO "client" VALUES(13,'Niwn%Xfpn','trfxywffy%7','8<8<MO','Gwjif','mj~ttElrfnq3htr','0862;2<8<8<8;:');
CREATE TABLE logging (username TEXT, date TEXT, description TEXT, additional_information TEXT, suspicious TEXT);
INSERT INTO "logging" VALUES('xzujwfirns','6547=475761%6;?88?5<','Qtllji%ns','','St');
INSERT INTO "logging" VALUES('firns','6547=475761%6;?8:?:<','Qtllji%ns','','St');
INSERT INTO "logging" VALUES('xfhmnq','6547=475761%6;?99?8<','Qtllji%ns','','St');
INSERT INTO "logging" VALUES('xfhmnq','6547=475761%6;?:5?57','Qtllji%ns','','St');
INSERT INTO "logging" VALUES('firns','6547=475761%6;?:5?57','Qtllji%ns','','St');
INSERT INTO "logging" VALUES('xfhmnq','6547=475761%6;?::?5=','Qtllji%ns','','St');
INSERT INTO "logging" VALUES('xfhmnq','6547=475761%6=?8<?77','Qtllji%ns','','St');
INSERT INTO "logging" VALUES('xfhmnq','6547=475761%6=?9;?96','Qtllji%ns','','St');
INSERT INTO "logging" VALUES('xfhmnq','6547=475761%6=?9>?5>','Qtllji%ns','','St');
INSERT INTO "logging" VALUES('xfhmnq','6547=475761%6=?:7?87','Qtllji%ns','','St');
INSERT INTO "logging" VALUES('xfhmnq','6547=475761%6=?:;?:>','Qtllji%ns','','St');
INSERT INTO "logging" VALUES('xfhmnq','6547=475761%6>?56?:>','Qtllji%ns','','St');
INSERT INTO "logging" VALUES('xfhmnq','6547=475761%6>?5=?77','Qtllji%ns','','St');
INSERT INTO "logging" VALUES('xfhmnq','6547=475761%6>?69?59','Qtllji%ns','','St');
INSERT INTO "logging" VALUES('xfhmnq','6547=475761%6>?6;?7=','Qtllji%ns','','St');
INSERT INTO "logging" VALUES('rwx~x','6547=475761%6>?6;?7=','Qtllji%ns','','St');
INSERT INTO "logging" VALUES('xfhmnq','6547=475761%6>?6>?:5','Qtllji%ns','','St');
INSERT INTO "logging" VALUES('xfhmnq','6547=475761%6>?77?::','Qtllji%ns','','St');
INSERT INTO "logging" VALUES('rwx~x','6547=475761%6>?85?:8','Qtllji%ns','','St');
INSERT INTO "logging" VALUES('xfhmnq','6547=475761%6>?85?:8','Qtllji%ns','','St');
INSERT INTO "logging" VALUES('xfhmnq','6547=475761%6>?85?:8','Qtllji%ns','','St');
INSERT INTO "logging" VALUES('xfhmnq','6547=475761%6>?8>?8=','Qtllji%ns','','St');
INSERT INTO "logging" VALUES('xfhmnq','6547=475761%6>?96?6>','Qtllji%ns','','St');
INSERT INTO "logging" VALUES('rwx~x','6547=475761%6>?97?58','Qtllji%ns','','St');
INSERT INTO "logging" VALUES('xfhmnq','6547=475761%6>?9:?:;','Qtllji%ns','','St');
INSERT INTO "logging" VALUES('xfhmnq','6547=475761%6>?9:?:;','Qtllji%ns','','St');
INSERT INTO "logging" VALUES('rwx~x','6547=475761%6>?9:?:;','Qtllji%ns','','St');
INSERT INTO "logging" VALUES('xfhmnq','6547=475761%6>?9>?::','Qtllji%ns','','St');
INSERT INTO "logging" VALUES('fi{nxtw','6547=475761%6>?9>?::','Qtllji%ns','','St');
INSERT INTO "logging" VALUES('fi{nxtw','6547=475761%6>?9>?::','Qtllji%ns','','St');
INSERT INTO "logging" VALUES('xfhmnq','6547=475761%6>?9>?::','Qtllji%ns','','St');
INSERT INTO "logging" VALUES('xfhmnq','6547=475761%6>?9>?::','Qtllji%ns','','St');
INSERT INTO "logging" VALUES('fi{nxtw','6547=475761%6>?:9?69','Qtllji%ns','','St');
INSERT INTO "logging" VALUES('xfhmnq','6547=475761%6>?:9?69','Qtllji%ns','','St');
INSERT INTO "logging" VALUES('fi{nxtw','6547=475761%6>?:;?6:','Qtllji%ns','','St');
INSERT INTO "logging" VALUES('xfhmnq','6547=475761%6>?:;?6:','Qtllji%ns','','St');
INSERT INTO "logging" VALUES('fi{nxtw','6547=475761%6>?:=?56','Qtllji%ns','','St');
INSERT INTO "logging" VALUES('fi{nxtw','6547=475761%6>?:>?55','Qtllji%ns','','St');
INSERT INTO "logging" VALUES('xfhmnq','6547=475761%6>?:>?55','Qtllji%ns','','St');
INSERT INTO "logging" VALUES('fi{nxtw','6547=475761%75?56?7:','Qtllji%ns','','St');
INSERT INTO "logging" VALUES('xfhmnq','6547=475761%75?56?7:','Qtllji%ns','','St');
INSERT INTO "logging" VALUES('xfhmnq','6547=475761%75?57?:8','Qtllji%ns','','St');
INSERT INTO "logging" VALUES('xfhmnq','6547=475761%75?57?:8','Qtllji%ns','','St');
INSERT INTO "logging" VALUES('fi{nxtw','6547=475761%75?57?:8','Qtllji%ns','','St');
INSERT INTO "logging" VALUES('xfhmnq','6547=475761%75?57?:8','Qtllji%ns','','St');
INSERT INTO "logging" VALUES('fi{nxtw','6547=475761%75?6;?95','Qtllji%ns','','St');
INSERT INTO "logging" VALUES('xfhmnq','6547=475761%75?6;?95','Qtllji%ns','','St');
INSERT INTO "logging" VALUES('xfhmnq','6547=475761%75?6=?9:','Qtllji%ns','','St');
INSERT INTO "logging" VALUES('xfhmnq','6547=475761%75?6=?9:','Qtllji%ns','','St');
INSERT INTO "logging" VALUES('rwx~x','6547=475761%75?6=?9:','Qtllji%ns','','St');
INSERT INTO "logging" VALUES('rwx~x','6547=475761%75?6=?9:','Qtllji%ns','','St');
INSERT INTO "logging" VALUES('xfhmnq','6547=475761%75?7;?8>','Qtllji%ns','','St');
INSERT INTO "logging" VALUES('xfhmnq','6547=475761%75?87?9>','Qtllji%ns','','St');
INSERT INTO "logging" VALUES('fi{nxtw','6547=475761%75?89?99','Qtllji%ns','','St');
INSERT INTO "logging" VALUES('xfhmnq','6547=475761%75?89?99','Qtllji%ns','','St');
INSERT INTO "logging" VALUES('xfhmnq','6547=475761%75?8;?8;','Qtllji%ns','','St');
INSERT INTO "logging" VALUES('xfhmnq','6547=475761%75?8=?7<','Qtllji%ns','','St');
INSERT INTO "logging" VALUES('lf~fi{nxtw','6547=475761%75?8=?7<','Qtllji%ns','','St');
INSERT INTO "logging" VALUES('xfhmnq','6547=475761%75?8=?7<','Qtllji%ns','','St');
INSERT INTO "logging" VALUES('xfhmnq','6547=475761%75?8=?7<','Qtllji%ns','','St');
INSERT INTO "logging" VALUES('xfhmnq','6547=475761%75?99?6:','Qtllji%ns','','St');
INSERT INTO "logging" VALUES('xfhmnq','6547=475761%75?9:?76','Qtllji%ns','','St');
INSERT INTO "logging" VALUES('xfhmnq','6547=475761%75?9<?66','Qtllji%ns','','St');
INSERT INTO "logging" VALUES('xfhmnq','6547=475761%75?9=?9:','Qtllji%ns','','St');
INSERT INTO "logging" VALUES('x~xfirns','6547=475761%75?9=?9:','Qtllji%ns','','St');
DELETE FROM "sqlite_sequence";
INSERT INTO "sqlite_sequence" VALUES('client',13);
CREATE TABLE users (username TEXT, password TEXT, firstname TEXT, lastname TEXT, admin INT, system_admin INT, advisor INT, joinDate TIMESTAMP);
INSERT INTO "users" VALUES('superadmin','Admin!23','admin','',1,0,0,'2021-10-25 18:09:12.091144');
INSERT INTO "users" VALUES('Appelstroop','P@ssw0rd100','appeltest','oog',1,0,0,'2021-10-26 13:15:15.925577');
INSERT INTO "users" VALUES('admin','P@ssw0rd100','ik ben admin','admin',1,0,0,'2021-10-26 15:00:30.561814');
INSERT INTO "users" VALUES('Advisor','Welkom@01','advisor','',1,0,0,'2021-10-26 15:12:18.406554');
INSERT INTO "users" VALUES('newadvisor','P@ssw0rd100','advisor','advisor',1,0,0,'2021-10-27 20:38:23.914642');
INSERT INTO "users" VALUES('Advisor','Welkom@01','','',1,0,0,'2021-10-27 20:46:05.508503');
INSERT INTO "users" VALUES('jezus','Welkom@01','hoi','isawesome',1,0,0,'2021-10-27 21:27:07.550793');
INSERT INTO "users" VALUES('waarom','Welkom@01','dddd','dddd',0,1,0,'2021-10-27 21:30:29.175600');
INSERT INTO "users" VALUES('knwsxs}myyv','\jqptrE56','','Pffx',1,0,0,'2021-10-27 22:47:39.604475');
INSERT INTO "users" VALUES('myyv}}~owknwsx','UExx|5wi655','xjhwjy','sfrj',0,1,0,'2021-10-27 22:53:13.494876');
INSERT INTO "users" VALUES('|okvkns}y|','O8gjsym88qw99w&','yjxy','fhhtzsy',0,0,1,'2021-10-27 22:54:55.780228');
INSERT INTO "users" VALUES('ofxujwfirns','\jqptrE56','ofxujw','ofxujw',1,0,0,'2021-10-27 23:14:07.783042');
INSERT INTO "users" VALUES('hfunyfqfirns','\jqptrE56','','',1,0,0,'2021-10-28 15:16:55.386570');
INSERT INTO "users" VALUES('xfhmnq','UExx|5wi655','XfhmnqNXHTTQ','MFQQTT%INY%NX%JJS%YJXY',1,0,0,'2021-10-28 16:41:37.245821');
INSERT INTO "users" VALUES('firns','UExx|5wi655','','',1,0,0,'2021-10-28 16:51:37.747880');
INSERT INTO "users" VALUES('r~x~x','\jqptrE56','yjxy','yjxy',0,1,0,'2021-10-28 18:48:32.204831');
INSERT INTO "users" VALUES('sj|fi{nxtw','\jqptrE56','Rw','Ytr',1,0,0,'2021-10-28 18:50:11.891873');
INSERT INTO "users" VALUES('rwx~x','UExx|5wi655','','',1,0,0,'2021-10-28 19:35:48.435780');
INSERT INTO "users" VALUES('lf~fi{nxtw','L9~gjsoj|jq&','RW','FI[NXTW',0,0,1,'2021-10-28 19:50:44.927006');
INSERT INTO "users" VALUES('x~xfirns','\jqptrE56','Rw','X^X',0,1,0,'2021-10-28 20:49:48.903727');
COMMIT;
